d	local_rows
2014-03-10	26
2014-03-26	1
2014-03-27	2
2014-03-30	1
2014-04-01	1
2014-04-15	3
2014-04-29	2
2014-05-05	1
2014-05-30	1
2014-07-01	4
2014-07-10	1
2014-08-08	29
2014-08-11	1
2014-08-13	1
2014-08-18	1
2014-08-20	1
2014-08-25	1
2014-08-26	2
2014-09-02	1
2014-09-03	1
2014-09-04	1
2014-09-10	2
2014-09-11	1
2014-09-14	2
2014-09-15	1
2014-09-16	6
2014-09-29	1
2014-09-30	3
2014-10-16	3
2014-10-23	2
2014-10-24	2
2014-10-27	5
2014-10-29	1
2014-10-31	2
2014-11-03	3
2014-11-10	23
2014-11-11	4
2014-11-12	1
2014-11-19	2
2014-11-24	1
2014-11-25	8
2014-11-27	2
2014-11-30	7
2014-12-02	2
2014-12-03	1
2014-12-07	5
2014-12-12	1
2014-12-14	3
2014-12-21	3
2014-12-22	15
2014-12-27	1
2014-12-28	1
2015-01-05	1
2015-01-06	12
2015-01-08	1
2015-01-09	2
2015-01-11	1
2015-01-12	1
2015-01-13	3
2015-01-14	3
2015-01-15	3
2015-01-16	4
2015-01-20	4
2015-01-22	1
2015-01-23	1
2015-01-25	1
2015-01-27	43
2015-02-01	20
2015-02-02	25
2015-02-03	3
2015-02-04	7
2015-02-05	4
2015-02-06	1
2015-02-07	1
2015-02-09	4
2015-02-11	1
2015-02-13	1
2015-02-20	8
2015-02-25	6
2015-02-27	5
2015-03-03	2
2015-03-04	1
2015-03-05	2
2015-03-11	2
2015-03-12	1
2015-03-13	7
2015-03-15	2
2015-03-17	1
2015-03-18	5
2015-03-19	2
2015-03-20	2
2015-03-21	1
2015-03-24	1
2015-03-25	12
2015-03-26	1
2015-03-27	1
2015-03-30	2
2015-04-04	2
2015-04-07	1
2015-04-09	5
2015-04-10	12
2015-04-12	1
2015-04-14	5
2015-04-15	3
2015-04-16	4
2015-04-17	1
2015-04-18	3
2015-04-21	4
2015-04-22	11
2015-04-23	67
2015-04-24	2
2015-04-28	1
2015-04-30	3
2015-05-05	7
2015-05-06	3
2015-05-07	9
2015-05-12	6
2015-05-13	2
2015-05-15	3
2015-05-16	3
2015-05-18	1
2015-05-19	2
2015-05-20	1
2015-05-25	1
2015-05-26	3
2015-05-30	1
2015-05-31	1
2015-06-02	2
2015-06-03	1
2015-06-04	1
2015-06-05	1
2015-06-08	1
2015-06-09	1
2015-06-11	2
2015-06-12	1
2015-06-14	3
2015-06-15	3
2015-06-16	2
2015-06-17	2
2015-06-18	3
2015-06-19	1
2015-06-20	2
2015-06-21	1
2015-06-22	1
2015-06-23	1
2015-06-24	6
2015-06-25	2
2015-06-26	2
2015-06-27	1
2015-06-30	2
2015-07-01	4
2015-07-02	3
2015-07-03	1
2015-07-04	1
2015-07-05	1
2015-07-06	4
2015-07-07	3
2015-07-08	2
2015-07-11	1
2015-07-12	1
2015-07-13	5
2015-07-14	1
2015-07-15	20
2015-07-16	5
2015-07-17	41
2015-07-19	1
2015-07-20	78
2015-07-21	11
2015-07-22	45
2015-07-23	11
2015-07-24	6
2015-07-27	3
2015-07-28	5
2015-07-29	4
2015-07-30	6
2015-07-31	1
2015-08-01	1
2015-08-03	64
2015-08-04	3
2015-08-06	4
2015-08-07	3
2015-08-08	1
2015-08-10	4
2015-08-17	1
2015-08-20	1
2015-08-21	12
2015-08-24	4
2015-08-25	3
2015-08-26	12
2015-08-27	3
2015-08-29	1
2015-09-01	1
2015-09-03	3
2015-09-04	112
2015-09-06	1
2015-09-07	11
2015-09-08	2
2015-09-09	1
2015-09-10	5
2015-09-11	3
2015-09-14	2
2015-09-15	6
2015-09-16	4
2015-09-17	3
2015-09-21	17
2015-09-22	2
2015-09-23	2
2015-09-24	2
2015-09-25	7
2015-09-28	1
2015-09-29	2
2015-09-30	4
2015-10-01	3
2015-10-02	4
2015-10-04	3
2015-10-05	1
2015-10-06	3
2015-10-07	3
2015-10-08	3
2015-10-11	7
2015-10-12	1
2015-10-14	2
2015-10-15	2
2015-10-16	3
2015-10-18	6
2015-10-21	2
2015-10-22	8
2015-10-24	1
2015-10-25	4
2015-10-26	4
2015-10-27	3
2015-10-28	9
2015-10-29	2
2015-10-30	4
2015-11-02	4
2015-11-03	4
2015-11-04	3
2015-11-06	5
2015-11-09	2
2015-11-10	4
2015-11-11	1
2015-11-12	5
2015-11-13	2
2015-11-14	1
2015-11-16	3
2015-11-19	6
2015-11-20	1
2015-11-23	6
2015-11-25	8
2015-11-27	2
2015-11-30	1
2015-12-01	8
2015-12-03	1
2015-12-07	12
2015-12-14	15
2015-12-18	1
2015-12-21	11
2015-12-22	9
2015-12-23	2
2015-12-24	6
2015-12-28	1
2016-01-01	2
2016-01-04	4
2016-01-06	1
2016-01-08	6
2016-01-11	5
2016-01-12	56
2016-01-13	3
2016-01-14	6
2016-01-16	1
2016-01-18	40
2016-01-20	10
2016-01-21	3
2016-01-23	1
2016-01-24	4
2016-01-25	1
2016-01-26	12
2016-01-28	2
2016-01-29	5
2016-01-30	1
2016-02-01	4
2016-02-02	151
2016-02-03	9
2016-02-04	1
2016-02-07	2
2016-02-09	19
2016-02-10	11
2016-02-12	17
2016-02-13	2
2016-02-14	16
2016-02-15	3
2016-02-16	5
2016-02-17	3
2016-02-18	3
2016-02-19	2
2016-02-20	1
2016-02-22	4
2016-02-23	7
2016-02-24	7
2016-02-25	6
2016-02-26	9
2016-03-01	10
2016-03-02	2
2016-03-03	7
2016-03-04	1
2016-03-07	18
2016-03-08	1
2016-03-10	5
2016-03-11	1
2016-03-14	1
2016-03-15	1
2016-03-17	24
2016-03-18	8
2016-03-21	4
2016-03-22	2
2016-03-23	30
2016-03-24	6
2016-03-29	9
2016-03-30	2
2016-03-31	1
2016-04-01	8
2016-04-02	2
2016-04-03	2
2016-04-04	3
2016-04-05	9
2016-04-06	3
2016-04-07	8
2016-04-08	3
2016-04-10	1
2016-04-11	1
2016-04-12	13
2016-04-13	6
2016-04-14	2
2016-04-15	7
2016-04-21	2
2016-04-24	4
2016-04-26	1
2016-04-27	58
2016-04-28	4
2016-04-29	7
2016-04-30	1
2016-05-01	5
2016-05-02	5
2016-05-03	9
2016-05-04	6
2016-05-05	3
2016-05-06	2
2016-05-07	2
2016-05-09	4
2016-05-10	4
2016-05-14	2
2016-05-17	1
2016-05-18	27
2016-05-19	12
2016-05-20	4
2016-05-21	1
2016-05-22	5
2016-05-27	1
2016-05-31	1
2016-06-02	55
2016-06-03	8
2016-06-05	2
2016-06-06	10
2016-06-09	1
2016-06-10	1
2016-06-11	1
2016-06-14	2
2016-06-15	42
2016-06-16	3
2016-06-20	24
2016-06-21	4
2016-06-22	5
2016-06-23	2
2016-06-27	3
2016-06-28	2
2016-06-29	22
2016-06-30	15
2016-07-01	1
2016-07-03	3
2016-07-04	2
2016-07-05	3
2016-07-06	1
2016-07-07	1
2016-07-12	1
2016-07-13	1
2016-07-14	1
2016-07-15	1
2016-07-16	2
2016-07-18	1
2016-07-22	1
2016-07-26	84
2016-07-27	9
2016-07-28	4
2016-07-29	4
2016-07-30	5
2016-07-31	4
2016-08-01	3
2016-08-02	3
2016-08-03	11
2016-08-04	5
2016-08-05	11
2016-08-06	4
2016-08-07	3
2016-08-08	4
2016-08-09	2
2016-08-10	5
2016-08-11	5
2016-08-12	2
2016-08-13	1
2016-08-15	7
2016-08-16	10
2016-08-17	8
2016-08-18	11
2016-08-19	4
2016-08-22	2
2016-08-23	4
2016-08-25	14
2016-08-26	1
2016-08-29	7
2016-08-30	12
2016-08-31	10
2016-09-01	6
2016-09-02	5
2016-09-03	6
2016-09-05	8
2016-09-06	4
2016-09-07	24
2016-09-08	6
2016-09-09	13
2016-09-10	4
2016-09-11	5
2016-09-12	3
2016-09-13	5
2016-09-14	2
2016-09-15	1
2016-09-16	5
2016-09-17	2
2016-09-18	3
2016-09-19	7
2016-09-20	4
2016-09-21	9
2016-09-22	4
2016-09-23	2
2016-09-24	2
2016-09-25	1
2016-09-26	9
2016-09-27	8
2016-09-28	5
2016-09-29	3
2016-09-30	4
2016-10-01	2
2016-10-02	2
2016-10-03	3
2016-10-04	2
2016-10-05	3
2016-10-06	2
2016-10-07	6
2016-10-09	5
2016-10-10	6
2016-10-11	3
2016-10-12	5
2016-10-13	3
2016-10-14	7
2016-10-15	4
2016-10-16	1
2016-10-17	14
2016-10-18	10
2016-10-19	4
2016-10-20	9
2016-10-21	2
2016-10-22	3
2016-10-24	4
2016-10-25	3
2016-10-26	9
2016-10-27	5
2016-10-28	4
2016-10-30	1
2016-10-31	11
2016-11-01	7
2016-11-02	7
2016-11-03	5
2016-11-04	11
2016-11-05	3
2016-11-08	13
2016-11-09	8
2016-11-10	8
2016-11-11	1
2016-11-12	1
2016-11-14	4
2016-11-15	4
2016-11-16	8
2016-11-17	9
2016-11-20	1
2016-11-21	8
2016-11-22	7
2016-11-23	13
2016-11-24	4
2016-11-25	6
2016-11-28	4
2016-11-29	14
2016-11-30	2
2016-12-01	25
2016-12-02	16
2016-12-03	2
2016-12-04	3
2016-12-05	4
2016-12-06	7
2016-12-07	8
2016-12-08	3
2016-12-09	5
2016-12-10	1
2016-12-11	2
2016-12-12	5
2016-12-13	10
2016-12-14	6
2016-12-15	9
2016-12-16	6
2016-12-17	2
2016-12-18	2
2016-12-19	3
2016-12-20	7
2016-12-21	8
2016-12-22	8
2016-12-23	9
2016-12-24	1
2016-12-25	1
2016-12-26	3
2016-12-27	1
2016-12-28	2
2016-12-29	3
2016-12-31	3
2017-01-01	1
2017-01-02	2
2017-01-03	8
2017-01-04	6
2017-01-05	12
2017-01-06	5
2017-01-07	2
2017-01-08	5
2017-01-09	6
2017-01-10	35
2017-01-11	11
2017-01-12	5
2017-01-13	8
2017-01-15	5
2017-01-16	13
2017-01-17	5
2017-01-18	6
2017-01-19	6
2017-01-20	9
2017-01-21	1
2017-01-22	2
2017-01-23	4
2017-01-24	19
2017-01-25	7
2017-01-26	5
2017-01-27	2
2017-01-28	6
2017-01-29	2
2017-01-30	10
2017-01-31	7
2017-02-01	4
2017-02-02	10
2017-02-03	94
2017-02-04	2
2017-02-05	1
2017-02-06	6
2017-02-07	8
2017-02-08	4
2017-02-09	7
2017-02-10	6
2017-02-13	12
2017-02-14	15
2017-02-15	7
2017-02-16	18
2017-02-17	7
2017-02-18	5
2017-02-19	5
2017-02-20	6
2017-02-21	10
2017-02-22	15
2017-02-23	5
2017-02-24	34
2017-02-25	13
2017-02-26	2
2017-02-27	12
2017-02-28	47
2017-03-01	18
2017-03-02	7
2017-03-03	10
2017-03-04	1
2017-03-05	1
2017-03-06	9
2017-03-07	10
2017-03-08	9
2017-03-09	6
2017-03-10	13
2017-03-11	3
2017-03-12	4
2017-03-13	9
2017-03-14	3
2017-03-15	27
2017-03-16	4
2017-03-17	7
2017-03-18	6
2017-03-19	1
2017-03-20	9
2017-03-21	8
2017-03-22	11
2017-03-23	11
2017-03-24	12
2017-03-26	1
2017-03-27	2
2017-03-28	15
2017-03-29	17
2017-03-30	8
2017-03-31	25
2017-04-01	4
2017-04-03	10
2017-04-04	10
2017-04-05	5
2017-04-06	9
2017-04-07	4
2017-04-08	1
2017-04-09	2
2017-04-10	3
2017-04-11	7
2017-04-12	8
2017-04-13	10
2017-04-14	5
2017-04-15	3
2017-04-16	9
2017-04-17	12
2017-04-18	5
2017-04-19	7
2017-04-20	5
2017-04-21	7
2017-04-22	2
2017-04-23	1
2017-04-24	6
2017-04-25	5
2017-04-26	1
2017-04-27	5
2017-04-28	7
2017-04-29	1
2017-04-30	1
2017-05-01	85
2017-05-02	103
2017-05-03	15
2017-05-04	15
2017-05-05	8
2017-05-06	5
2017-05-07	2
2017-05-08	11
2017-05-09	11
2017-05-10	159
2017-05-11	16
2017-05-12	7
2017-05-13	3
2017-05-14	13
2017-05-15	21
2017-05-16	11
2017-05-17	15
2017-05-18	12
2017-05-19	73
2017-05-20	20
2017-05-21	11
2017-05-22	14
2017-05-23	7
2017-05-24	203
2017-05-25	5
2017-05-26	6
2017-05-27	2
2017-05-29	6
2017-05-30	6
2017-05-31	11
2017-06-01	13
2017-06-02	6
2017-06-03	1
2017-06-04	2
2017-06-05	4
2017-06-06	16
2017-06-07	10
2017-06-08	13
2017-06-09	9
2017-06-10	2
2017-06-11	2
2017-06-12	11
2017-06-13	22
2017-06-14	9
2017-06-15	10
2017-06-16	13
2017-06-17	1
2017-06-18	2
2017-06-19	22
2017-06-20	12
2017-06-21	14
2017-06-22	10
2017-06-23	8
2017-06-24	1
2017-06-25	1
2017-06-26	14
2017-06-27	295
2017-06-28	26
2017-06-29	30
2017-06-30	9
2017-07-01	2
2017-07-02	12
2017-07-03	15
2017-07-04	8
2017-07-05	16
2017-07-06	17
2017-07-07	22
2017-07-08	3
2017-07-09	5
2017-07-10	8
2017-07-11	25
2017-07-12	12
2017-07-13	10
2017-07-14	5
2017-07-15	3
2017-07-16	4
2017-07-17	13
2017-07-18	13
2017-07-19	9
2017-07-20	13
2017-07-21	10
2017-07-22	1
2017-07-23	2
2017-07-24	13
2017-07-25	9
2017-07-26	16
2017-07-27	10
2017-07-28	10
2017-07-29	2
2017-07-30	2
2017-07-31	13
2017-08-01	8
2017-08-02	21
2017-08-03	13
2017-08-04	7
2017-08-05	3
2017-08-06	2
2017-08-07	11
2017-08-08	8
2017-08-09	5
2017-08-10	12
2017-08-11	8
2017-08-12	8
2017-08-13	1
2017-08-14	8
2017-08-15	5
2017-08-16	7
2017-08-17	7
2017-08-18	5
2017-08-19	1
2017-08-20	2
2017-08-21	6
2017-08-22	24
2017-08-23	20
2017-08-24	11
2017-08-25	23
2017-08-26	8
2017-08-27	12
2017-08-28	7
2017-08-29	10
2017-08-30	11
2017-08-31	8
2017-09-01	11
2017-09-02	3
2017-09-04	8
2017-09-05	5
2017-09-06	10
2017-09-07	17
2017-09-08	10
2017-09-09	3
2017-09-10	1
2017-09-11	9
2017-09-12	8
2017-09-13	5
2017-09-14	6
2017-09-15	5
2017-09-16	4
2017-09-17	4
2017-09-18	8
2017-09-19	30
2017-09-20	11
2017-09-21	1656
2017-09-22	13
2017-09-23	3
2017-09-24	5
2017-09-25	22
2017-09-26	13
2017-09-27	15
2017-09-28	15
2017-09-29	13
2017-09-30	9
2017-10-01	9
2017-10-02	13
2017-10-03	6
2017-10-04	22
2017-10-05	7
2017-10-06	14
2017-10-07	20
2017-10-08	3
2017-10-09	6
2017-10-10	8
2017-10-11	13
2017-10-12	21
2017-10-13	16
2017-10-15	18
2017-10-16	9
2017-10-17	26
2017-10-18	14
2017-10-19	8
2017-10-20	6
2017-10-23	12136
2017-10-24	19
2017-10-25	9
2017-10-26	6
2017-10-27	9
2017-10-29	2
2017-10-30	5
2017-10-31	9
2017-11-01	13
2017-11-02	8
2017-11-03	13
2017-11-05	3
2017-11-06	19
2017-11-07	14
2017-11-08	11
2017-11-09	8
2017-11-10	9
2017-11-11	4
2017-11-12	5
2017-11-13	10
2017-11-14	16
2017-11-15	8
2017-11-16	12
2017-11-17	13
2017-11-18	2
2017-11-19	2
2017-11-20	4
2017-11-21	6
2017-11-22	7
2017-11-23	8
2017-11-24	72
2017-11-25	4
2017-11-26	5
2017-11-27	5
2017-11-28	24
2017-11-29	10
2017-11-30	12
2017-12-01	6
2017-12-02	5
2017-12-03	6
2017-12-04	6
2017-12-05	10
2017-12-06	239
2017-12-07	12
2017-12-08	17
2017-12-09	2
2017-12-10	2
2017-12-11	5
2017-12-12	12
2017-12-13	6
2017-12-14	15
2017-12-15	10
2017-12-16	2
2017-12-17	4
2017-12-18	5
2017-12-19	13
2017-12-20	10
2017-12-21	14
2017-12-22	8
2017-12-23	7
2017-12-24	13
2017-12-25	2
2017-12-26	4
2017-12-27	5
2017-12-28	2
2017-12-29	2
2017-12-30	4
2017-12-31	3
2018-01-01	1
2018-01-02	5
2018-01-03	9
2018-01-04	6
2018-01-05	8
2018-01-06	5
2018-01-07	4
2018-01-08	180
2018-01-09	102
2018-01-10	18
2018-01-11	11
2018-01-12	9
2018-01-13	8
2018-01-14	8
2018-01-15	14
2018-01-16	18
2018-01-17	58
2018-01-18	12
2018-01-19	10
2018-01-20	27
2018-01-21	6
2018-01-22	19
2018-01-23	13
2018-01-24	23
2018-01-25	16
2018-01-26	10
2018-01-27	5
2018-01-28	4
2018-01-29	18
2018-01-30	16
2018-01-31	17
2018-02-01	14
2018-02-02	9
2018-02-03	2
2018-02-04	1
2018-02-05	41
2018-02-06	43
2018-02-07	12
2018-02-08	18
2018-02-09	12
2018-02-10	13
2018-02-11	3
2018-02-12	22
2018-02-13	20
2018-02-14	20
2018-02-15	14
2018-02-16	9
2018-02-17	4
2018-02-18	7
2018-02-19	8
2018-02-20	12
2018-02-21	18
2018-02-22	18
2018-02-23	12
2018-02-24	4
2018-02-25	6
2018-02-26	11
2018-02-27	13
2018-02-28	20
2018-03-01	15
2018-03-02	15
2018-03-03	8
2018-03-04	3
2018-03-05	18
2018-03-06	20
2018-03-07	26
2018-03-08	28
2018-03-09	32
2018-03-10	7
2018-03-11	9
2018-03-12	36
2018-03-13	85
2018-03-14	28
2018-03-15	14
2018-03-16	28
2018-03-17	18
2018-03-18	15
2018-03-19	34
2018-03-20	2789
2018-03-21	31
2018-03-22	53
2018-03-23	48
2018-03-24	3
2018-03-25	9
2018-03-26	11
2018-03-27	13
2018-03-28	34
2018-03-29	16
2018-03-30	10
2018-03-31	2
2018-04-01	4
2018-04-02	2
2018-04-03	17
2018-04-04	14
2018-04-05	28
2018-04-06	17
2018-04-07	22
2018-04-08	2
2018-04-09	36
2018-04-10	10
2018-04-11	11
2018-04-12	18
2018-04-13	56
2018-04-14	7
2018-04-15	1
2018-04-16	18
2018-04-17	25
2018-04-18	25
2018-04-19	15
2018-04-20	127
2018-04-21	2
2018-04-22	10
2018-04-23	29
2018-04-24	35
2018-04-25	49
2018-04-26	25
2018-04-27	73
2018-04-28	3
2018-04-29	11
2018-04-30	28
2018-05-01	81
2018-05-02	83
2018-05-03	60
2018-05-04	11
2018-05-05	6
2018-05-06	54
2018-05-07	17
2018-05-08	9
2018-05-09	12
2018-05-10	15
2018-05-11	15
2018-05-12	1
2018-05-13	4
2018-05-14	16
2018-05-15	9
2018-05-16	15
2018-05-17	26
2018-05-18	16
2018-05-19	1
2018-05-21	4
2018-05-22	27
2018-05-23	19
2018-05-24	16
2018-05-25	35
2018-05-26	5
2018-05-27	7
2018-05-28	25
2018-05-29	13
2018-05-30	26
2018-05-31	22
2018-06-01	17
2018-06-02	4
2018-06-03	5
2018-06-04	29
2018-06-05	31
2018-06-06	18
2018-06-07	17
2018-06-08	23
2018-06-09	9
2018-06-10	6
2018-06-11	11
2018-06-12	12
2018-06-13	35
2018-06-14	16
2018-06-15	11
2018-06-16	4
2018-06-17	5
2018-06-18	13
2018-06-19	15
2018-06-20	42
2018-06-21	15
2018-06-22	28
2018-06-23	4
2018-06-24	3
2018-06-25	18
2018-06-26	12
2018-06-27	13
2018-06-28	22
2018-06-29	18
2018-06-30	9
2018-07-01	3
2018-07-02	22
2018-07-03	29
2018-07-04	24
2018-07-05	34
2018-07-06	12
2018-07-07	6
2018-07-08	6
2018-07-09	20
2018-07-10	73
2018-07-11	21
2018-07-12	25
2018-07-13	19
2018-07-14	2
2018-07-15	4
2018-07-16	18
2018-07-17	34
2018-07-18	18
2018-07-19	20
2018-07-20	14
2018-07-21	5
2018-07-22	6
2018-07-23	22
2018-07-24	45
2018-07-25	28
2018-07-26	21
2018-07-27	16
2018-07-28	7
2018-07-29	5
2018-07-30	31
2018-07-31	218
2018-08-01	49
2018-08-02	19
2018-08-03	18
2018-08-04	6
2018-08-05	4
2018-08-06	331
2018-08-07	23
2018-08-08	14
2018-08-09	8
2018-08-10	30
2018-08-11	64
2018-08-12	5
2018-08-13	11
2018-08-14	10
2018-08-15	11
2018-08-16	12
2018-08-17	4
2018-08-20	23
2018-08-21	15
2018-08-22	19
2018-08-23	8
2018-08-24	10
2018-08-25	4
2018-08-26	1
2018-08-27	19
2018-08-28	10
2018-08-29	12
2018-08-30	6
2018-08-31	24
2018-09-01	2
2018-09-02	3
2018-09-03	5
2018-09-04	30
2018-09-05	26
2018-09-06	110
2018-09-07	28
2018-09-08	5
2018-09-09	8
2018-09-10	14
2018-09-11	10
2018-09-12	22
2018-09-13	21
2018-09-14	14
2018-09-15	5
2018-09-16	7
2018-09-17	10
2018-09-18	18
2018-09-19	9
2018-09-20	19
2018-09-21	30
2018-09-22	3
2018-09-23	5
2018-09-24	17
2018-09-25	17
2018-09-26	23
2018-09-27	17
2018-09-28	19
2018-09-29	6
2018-09-30	6
2018-10-01	12
2018-10-02	17
2018-10-03	24
2018-10-04	19
2018-10-05	15
2018-10-06	9
2018-10-07	11
2018-10-08	17
2018-10-09	12
2018-10-10	19
2018-10-11	17
2018-10-12	201
2018-10-13	8
2018-10-14	3
2018-10-15	151
2018-10-16	85
2018-10-17	15
2018-10-18	62
2018-10-19	93
2018-10-20	7
2018-10-21	7
2018-10-22	153
2018-10-23	13
2018-10-24	18
2018-10-25	30
2018-10-26	21
2018-10-27	15
2018-10-28	6
2018-10-29	13
2018-10-30	20
2018-10-31	25
2018-11-01	17
2018-11-02	16
2018-11-03	8
2018-11-04	8
2018-11-05	14
2018-11-06	20
2018-11-07	18
2018-11-08	32
2018-11-09	20
2018-11-10	21
2018-11-11	7
2018-11-12	15
2018-11-13	29
2018-11-14	25
2018-11-15	25
2018-11-16	17
2018-11-17	5
2018-11-18	31
2018-11-19	24
2018-11-20	24
2018-11-21	23
2018-11-22	30
2018-11-23	11
2018-11-24	6
2018-11-25	6
2018-11-26	26
2018-11-27	17
2018-11-28	52
2018-11-29	41
2018-11-30	80
2018-12-01	11
2018-12-02	9
2018-12-03	15
2018-12-04	23
2018-12-05	23
2018-12-06	27
2018-12-07	19
2018-12-08	5
2018-12-09	9
2018-12-10	16
2018-12-11	46
2018-12-12	23
2018-12-13	22
2018-12-14	18
2018-12-15	4
2018-12-16	8
2018-12-17	21
2018-12-18	29
2018-12-19	21
2018-12-20	15
2018-12-21	12
2018-12-22	57
2018-12-23	5
2018-12-24	11
2018-12-25	23
2018-12-26	11
2018-12-27	4
2018-12-28	10
2018-12-29	7
2018-12-30	6
2018-12-31	2
2019-01-01	7
2019-01-02	11
2019-01-03	12
2019-01-04	9
2019-01-05	5
2019-01-06	9
2019-01-07	15
2019-01-08	30
2019-01-09	16
2019-01-10	21
2019-01-11	24
2019-01-12	2
2019-01-13	3
2019-01-14	15
2019-01-15	29
2019-01-16	39
2019-01-17	16
2019-01-18	20
2019-01-19	13
2019-01-20	5
2019-01-21	34
2019-01-22	24
2019-01-23	31
2019-01-24	20
2019-01-25	26
2019-01-26	4
2019-01-27	8
2019-01-28	25
2019-01-29	30
2019-01-30	21
2019-01-31	29
2019-02-01	32
2019-02-02	8
2019-02-03	3
2019-02-04	22
2019-02-05	32
2019-02-06	28
2019-02-07	27
2019-02-08	35
2019-02-09	5
2019-02-10	5
2019-02-11	23
2019-02-12	39
2019-02-13	16
2019-02-14	32
2019-02-15	21
2019-02-16	12
2019-02-17	4
2019-02-18	10
2019-02-19	35
2019-02-20	24
2019-02-21	29
2019-02-22	19
2019-02-23	6
2019-02-24	6
2019-02-25	34
2019-02-26	25
2019-02-27	21
2019-02-28	34
2019-03-01	20
2019-03-02	6
2019-03-03	8
2019-03-04	41
2019-03-05	16
2019-03-06	35
2019-03-07	30
2019-03-08	24
2019-03-09	3
2019-03-10	11
2019-03-11	16
2019-03-12	3
2019-03-13	5
2019-03-14	4
2019-03-15	2
2019-03-16	1
2019-03-17	1
2019-03-18	1
2019-03-19	31
2019-03-20	26
2019-03-21	51
2019-03-22	26
2019-03-23	70
2019-03-24	4
2019-03-25	29
2019-03-26	34
2019-03-27	31
2019-03-28	24
2019-03-29	33
2019-03-30	9
2019-03-31	9
2019-04-01	23
2019-04-02	21
2019-04-03	29
2019-04-04	44
2019-04-05	23
2019-04-06	10
2019-04-07	6
2019-04-08	26
2019-04-09	25
2019-04-10	36
2019-04-11	23
2019-04-12	21
2019-04-13	6
2019-04-14	5
2019-04-15	31
2019-04-16	38
2019-04-17	34
2019-04-18	15
2019-04-19	15
2019-04-20	9
2019-04-21	10
2019-04-22	21
2019-04-23	21
2019-04-24	34
2019-04-25	23
2019-04-26	27
2019-04-27	13
2019-04-28	15
2019-04-29	29
2019-04-30	24
2019-05-01	13
2019-05-02	23
2019-05-03	21
2019-05-04	8
2019-05-05	12
2019-05-06	19
2019-05-07	28
2019-05-08	18
2019-05-09	29
2019-05-10	23
2019-05-11	28
2019-05-12	7
2019-05-13	29
2019-05-14	18
2019-05-15	23
2019-05-16	12
2019-05-17	9
2019-05-18	11
2019-05-19	5
2019-05-20	44
2019-05-21	15
2019-05-22	28
2019-05-23	33
2019-05-24	28
2019-05-25	11
2019-05-26	7
2019-05-27	22
2019-05-28	23
2019-05-29	29
2019-05-30	20
2019-05-31	24
2019-06-01	7
2019-06-02	12
2019-06-03	55
2019-06-04	31
2019-06-05	21
2019-06-06	27
2019-06-07	18
2019-06-08	11
2019-06-09	7
2019-06-10	21
2019-06-11	26
2019-06-12	19
2019-06-13	24
2019-06-14	31
2019-06-15	6
2019-06-16	6
2019-06-17	48
2019-06-18	55
2019-06-19	30
2019-06-20	34
2019-06-21	33
2019-06-22	3
2019-06-23	13
2019-06-24	123
2019-06-25	46
2019-06-26	43
2019-06-27	35
2019-06-28	40
2019-06-29	15
2019-06-30	53
2019-07-01	49
2019-07-02	69
2019-07-03	70
2019-07-04	25
2019-07-05	35
2019-07-06	20
2019-07-07	14
2019-07-08	17
2019-07-09	36
2019-07-10	1133
2019-07-11	943
2019-07-12	30
2019-07-13	8
2019-07-14	8
2019-07-15	29
2019-07-16	50
2019-07-17	39
2019-07-18	524
2019-07-19	17
2019-07-20	4
2019-07-21	7
2019-07-22	19
2019-07-23	32
2019-07-24	20
2019-07-25	23
2019-07-26	26
2019-07-27	8
2019-07-28	5
2019-07-29	31
2019-07-30	38
2019-07-31	23
2019-08-01	24
2019-08-02	33
2019-08-03	11
2019-08-04	15
2019-08-05	10
2019-08-06	25
2019-08-07	29
2019-08-08	30
2019-08-09	18
2019-08-10	4
2019-08-11	12
2019-08-12	24
2019-08-13	112
2019-08-14	26
2019-08-15	21
2019-08-16	21
2019-08-17	6
2019-08-18	4
2019-08-19	26
2019-08-20	30
2019-08-21	28
2019-08-22	15
2019-08-23	34
2019-08-24	7
2019-08-25	8
2019-08-26	28
2019-08-27	36
2019-08-28	49
2019-08-29	27
2019-08-30	31
2019-08-31	10
2019-09-01	19
2019-09-02	18
2019-09-03	22
2019-09-04	28
2019-09-05	35
2019-09-06	22
2019-09-07	32
2019-09-08	9
2019-09-09	27
2019-09-10	37
2019-09-11	26
2019-09-12	66
2019-09-13	55
2019-09-14	6
2019-09-15	5
2019-09-16	37
2019-09-17	56
2019-09-18	36
2019-09-19	33
2019-09-20	28
2019-09-21	11
2019-09-22	7
2019-09-23	31
2019-09-24	30
2019-09-25	46
2019-09-26	41
2019-09-27	21
2019-09-28	7
2019-09-29	7
2019-09-30	30
2019-10-01	189
2019-10-02	61
2019-10-03	53
2019-10-04	49
2019-10-05	9
2019-10-06	7
2019-10-07	20
2019-10-08	37
2019-10-09	38
2019-10-10	33
2019-10-11	37
2019-10-12	17
2019-10-13	20
2019-10-14	67
2019-10-15	37
2019-10-16	82
2019-10-17	44
2019-10-18	24
2019-10-19	8
2019-10-20	8
2019-10-21	23
2019-10-22	30
2019-10-23	27
2019-10-24	50
2019-10-25	42
2019-10-26	11
2019-10-27	15
2019-10-28	29
2019-10-29	37
2019-10-30	33
2019-10-31	29
2019-11-01	37
2019-11-02	16
2019-11-03	13
2019-11-04	25
2019-11-05	27
2019-11-06	29
2019-11-07	53
2019-11-08	40
2019-11-09	12
2019-11-10	10
2019-11-11	26
2019-11-12	38
2019-11-13	40
2019-11-14	26
2019-11-15	37
2019-11-16	35
2019-11-17	9
2019-11-18	33
2019-11-19	30
2019-11-20	29
2019-11-21	45
2019-11-22	18
2019-11-23	7
2019-11-24	9
2019-11-25	37
2019-11-26	36
2019-11-27	34
2019-11-28	34
2019-11-29	47
2019-11-30	19
2019-12-01	20
2019-12-02	74
2019-12-03	58
2019-12-04	28
2019-12-05	55
2019-12-06	44
2019-12-07	11
2019-12-08	9
2019-12-09	52
2019-12-10	23
2019-12-11	38
2019-12-12	30
2019-12-13	52
2019-12-14	23
2019-12-15	27
2019-12-16	56
2019-12-17	52
2019-12-18	66
2019-12-19	65
2019-12-20	83
2019-12-21	7
2019-12-22	12
2019-12-23	37
2019-12-24	17
2019-12-25	10
2019-12-26	11
2019-12-27	11
2019-12-28	21
2019-12-29	27
2019-12-30	32
2019-12-31	14
2020-01-01	15
2020-01-02	10
2020-01-03	29
2020-01-04	14
2020-01-05	24
2020-01-06	28
2020-01-07	28
2020-01-08	56
2020-01-09	39
2020-01-10	50
2020-01-11	9
2020-01-12	10
2020-01-13	39
2020-01-14	56
2020-01-15	93
2020-01-16	48
2020-01-17	54
2020-01-18	7
2020-01-19	16
2020-01-20	62
2020-01-21	50
2020-01-22	95
2020-01-23	77
2020-01-24	40
2020-01-25	12
2020-01-26	15
2020-01-27	31
2020-01-28	46
2020-01-29	59
2020-01-30	54
2020-01-31	81
2020-02-01	22
2020-02-02	14
2020-02-03	34
2020-02-04	59
2020-02-05	45
2020-02-06	47
2020-02-07	54
2020-02-08	11
2020-02-09	19
2020-02-10	31
2020-02-11	42
2020-02-12	50
2020-02-13	46
2020-02-14	39
2020-02-15	19
2020-02-16	11
2020-02-17	29
2020-02-18	41
2020-02-19	38
2020-02-20	50
2020-02-21	38
2020-02-22	17
2020-02-23	16
2020-02-24	24
2020-02-25	32
2020-02-26	47
2020-02-27	49
2020-02-28	59
2020-02-29	19
2020-03-01	8
2020-03-02	39
2020-03-03	77
2020-03-04	37
2020-03-05	43
2020-03-06	61
2020-03-07	37
2020-03-08	14
2020-03-09	44
2020-03-10	75
2020-03-11	33
2020-03-12	63
2020-03-13	78
2020-03-14	22
2020-03-15	24
2020-03-16	41
2020-03-17	79
2020-03-18	56
2020-03-19	48
2020-03-20	64
2020-03-21	25
2020-03-22	17
2020-03-23	47
2020-03-24	44
2020-03-25	57
2020-03-26	29
2020-03-27	129
2020-03-28	25
2020-03-29	12
2020-03-30	46
2020-03-31	46
2020-04-01	57
2020-04-02	69
2020-04-03	34
2020-04-04	13
2020-04-05	17
2020-04-06	46
2020-04-07	37
2020-04-08	55
2020-04-09	53
2020-04-10	57
2020-04-11	30
2020-04-12	29
2020-04-13	40
2020-04-14	88
2020-04-15	39
2020-04-16	86
2020-04-17	64
2020-04-18	18
2020-04-19	8
2020-04-20	41
2020-04-21	32
2020-04-22	49
2020-04-23	39
2020-04-24	46
2020-04-25	25
2020-04-26	35
2020-04-27	49
2020-04-28	46
2020-04-29	64
2020-04-30	71
2020-05-01	57
2020-05-02	33
2020-05-03	22
2020-05-04	34
2020-05-05	78
2020-05-06	78
2020-05-07	47
2020-05-08	39
2020-05-09	29
2020-05-10	12
2020-05-11	32
2020-05-12	50
2020-05-13	63
2020-05-14	43
2020-05-15	39
2020-05-16	15
2020-05-17	16
2020-05-18	38
2020-05-19	58
2020-05-20	43
2020-05-21	29
2020-05-22	35
2020-05-23	22
2020-05-24	23
2020-05-25	78
2020-05-26	66
2020-05-27	142
2020-05-28	76
2020-05-29	52
2020-05-30	39
2020-05-31	31
2020-06-01	74
2020-06-02	66
2020-06-03	70
2020-06-04	65
2020-06-05	82
2020-06-06	19
2020-06-07	20
2020-06-08	66
2020-06-09	54
2020-06-10	58
2020-06-11	122
2020-06-12	55
2020-06-13	31
2020-06-14	30
2020-06-15	55
2020-06-16	75
2020-06-17	63
2020-06-18	60
2020-06-19	76
2020-06-20	27
2020-06-21	48
2020-06-22	54
2020-06-23	54
2020-06-24	81
2020-06-25	64
2020-06-26	45
2020-06-27	25
2020-06-28	27
2020-06-29	59
2020-06-30	55
2020-07-01	58
2020-07-02	56
2020-07-03	46
2020-07-04	17
2020-07-05	11
2020-07-06	43
2020-07-07	69
2020-07-08	48
2020-07-09	69
2020-07-10	63
2020-07-11	47
2020-07-12	21
2020-07-13	64
2020-07-14	36
2020-07-15	63
2020-07-16	47
2020-07-17	47
2020-07-18	15
2020-07-19	16
2020-07-20	46
2020-07-21	50
2020-07-22	35
2020-07-23	55
2020-07-24	64
2020-07-25	22
2020-07-26	19
2020-07-27	457
2020-07-28	223
2020-07-29	78
2020-07-30	118
2020-07-31	95
2020-08-01	23
2020-08-02	15
2020-08-03	46
2020-08-04	63
2020-08-05	63
2020-08-06	93
2020-08-07	100
2020-08-08	83
2020-08-09	33
2020-08-10	54
2020-08-11	5
2020-08-12	21
2020-08-13	87
2020-08-14	102
2020-08-15	97
2020-08-16	102
2020-08-17	139
2020-08-18	91
2020-08-19	44
2020-08-20	41
2020-08-21	52
2020-08-22	31
2020-08-23	18
2020-08-24	326
2020-08-25	117
2020-08-26	106
2020-08-27	86
2020-08-28	120
2020-08-29	54
2020-08-30	41
2020-08-31	59
2020-09-01	82
2020-09-02	118
2020-09-03	81
2020-09-04	72
2020-09-05	21
2020-09-06	25
2020-09-07	25
2020-09-08	69
2020-09-09	86
2020-09-10	83
2020-09-11	98
2020-09-12	34
2020-09-13	22
2020-09-14	43
2020-09-15	71
2020-09-16	101
2020-09-17	42
2020-09-18	58
2020-09-19	28
2020-09-20	18
2020-09-21	39
2020-09-22	45
2020-09-23	63
2020-09-24	63
2020-09-25	53
2020-09-26	21
2020-09-27	13
2020-09-28	34
2020-09-29	75
2020-09-30	86
2020-10-01	80
2020-10-02	70
2020-10-03	20
2020-10-04	15
2020-10-05	88
2020-10-06	303
2020-10-07	124
2020-10-08	66
2020-10-09	92
2020-10-10	21
2020-10-11	27
2020-10-12	63
2020-10-13	86
2020-10-14	269
2020-10-15	65
2020-10-16	77
2020-10-17	42
2020-10-18	34
2020-10-19	67
2020-10-20	93
2020-10-21	109
2020-10-22	67
2020-10-23	100
2020-10-24	40
2020-10-25	30
2020-10-26	85
2020-10-27	89
2020-10-28	80
2020-10-29	83
2020-10-30	62
2020-10-31	29
2020-11-01	12
2020-11-02	76
2020-11-03	54
2020-11-04	189
2020-11-05	86
2020-11-06	108
2020-11-07	52
2020-11-08	55
2020-11-09	104
2020-11-10	103
2020-11-11	73
2020-11-12	95
2020-11-13	95
2020-11-14	26
2020-11-15	32
2020-11-16	88
2020-11-17	67
2020-11-18	91
2020-11-19	89
2020-11-20	75
2020-11-21	39
2020-11-22	28
2020-11-23	443
2020-11-24	86
2020-11-25	73
2020-11-26	71
2020-11-27	67
2020-11-28	34
2020-11-29	26
2020-11-30	95
2020-12-01	95
2020-12-02	87
2020-12-03	81
2020-12-04	120
2020-12-05	42
2020-12-06	19
2020-12-07	101
2020-12-08	81
2020-12-09	73
2020-12-10	102
2020-12-11	87
2020-12-12	48
2020-12-13	44
2020-12-14	83
2020-12-15	120
2020-12-16	105
2020-12-17	90
2020-12-18	139
2020-12-19	63
2020-12-20	39
2020-12-21	63
2020-12-22	84
2020-12-23	74
2020-12-24	47
2020-12-25	14
2020-12-26	42
2020-12-27	17
2020-12-28	50
2020-12-29	66
2020-12-30	52
2020-12-31	45
2021-01-01	11
2021-01-02	34
2021-01-03	21
2021-01-04	60
2021-01-05	68
2021-01-06	82
2021-01-07	100
2021-01-08	82
2021-01-09	31
2021-01-10	41
2021-01-11	86
2021-01-12	87
2021-01-13	95
2021-01-14	68
2021-01-15	82
2021-01-16	41
2021-01-17	26
2021-01-18	67
2021-01-19	86
2021-01-20	134
2021-01-21	79
2021-01-22	106
2021-01-23	63
2021-01-24	32
2021-01-25	94
2021-01-26	94
2021-01-27	85
2021-01-28	113
2021-01-29	96
2021-01-30	62
2021-01-31	55
2021-02-01	90
2021-02-02	142
2021-02-03	127
2021-02-04	122
2021-02-05	107
2021-02-06	47
2021-02-07	68
2021-02-08	144
2021-02-09	109
2021-02-10	155
2021-02-11	107
2021-02-12	85
2021-02-13	26
2021-02-14	24
2021-02-15	88
2021-02-16	77
2021-02-17	67
2021-02-18	65
2021-02-19	102
2021-02-20	50
2021-02-21	40
2021-02-22	94
2021-02-23	110
2021-02-24	103
2021-02-25	87
2021-02-26	105
2021-02-27	32
2021-02-28	43
2021-03-01	107
2021-03-02	121
2021-03-03	123
2021-03-04	85
2021-03-05	139
2021-03-06	42
2021-03-07	29
2021-03-08	137
2021-03-09	103
2021-03-10	128
2021-03-11	91
2021-03-12	95
2021-03-13	30
2021-03-14	50
2021-03-15	105
2021-03-16	89
2021-03-17	105
2021-03-18	131
2021-03-19	140
2021-03-20	55
2021-03-21	40
2021-03-22	117
2021-03-23	136
2021-03-24	136
2021-03-25	137
2021-03-26	125
2021-03-27	42
2021-03-28	31
2021-03-29	125
2021-03-30	113
2021-03-31	142
2021-04-01	152
2021-04-02	79
2021-04-03	47
2021-04-04	26
2021-04-05	79
2021-04-06	104
2021-04-07	143
2021-04-08	136
2021-04-09	108
2021-04-10	73
2021-04-11	61
2021-04-12	133
2021-04-13	313
2021-04-14	173
2021-04-15	128
2021-04-16	106
2021-04-17	46
2021-04-18	27
2021-04-19	96
2021-04-20	76
2021-04-21	94
2021-04-22	104
2021-04-23	88
2021-04-24	42
2021-04-25	27
2021-04-26	105
2021-04-27	96
2021-04-28	97
2021-04-29	109
2021-04-30	119
2021-05-01	37
2021-05-02	28
2021-05-03	158
2021-05-04	125
2021-05-05	94
2021-05-06	114
2021-05-07	108
2021-05-08	42
2021-05-09	43
2021-05-10	120
2021-05-11	147
2021-05-12	158
2021-05-13	123
2021-05-14	150
2021-05-15	34
2021-05-16	42
2021-05-17	119
2021-05-18	136
2021-05-19	119
2021-05-20	145
2021-05-21	59
2021-05-22	50
2021-05-23	20
2021-05-24	61
2021-05-25	80
2021-05-26	98
2021-05-27	99
2021-05-28	79
2021-05-29	38
2021-05-30	28
2021-05-31	93
2021-06-01	89
2021-06-02	93
2021-06-03	114
2021-06-04	97
2021-06-05	64
2021-06-06	23
2021-06-07	105
2021-06-08	85
2021-06-09	146
2021-06-10	119
2021-06-11	282
2021-06-12	3188
2021-06-13	24
2021-06-14	3116
2021-06-15	3592
2021-06-16	2956
2021-06-17	2564
2021-06-18	3339
2021-06-19	2982
2021-06-20	3086
2021-06-21	2175
2021-06-22	2416
2021-06-23	1054
2021-06-24	1864
2021-06-25	149
2021-06-26	75
2021-06-27	102
2021-06-28	120
2021-06-29	174
2021-06-30	140
2021-07-01	226
2021-07-02	115
2021-07-03	81
2021-07-04	22
2021-07-05	81
2021-07-06	139
2021-07-07	124
2021-07-08	126
2021-07-09	185
2021-07-10	108
2021-07-11	61
2021-07-12	80
2021-07-13	120
2021-07-14	117
2021-07-15	131
2021-07-16	83
2021-07-17	41
2021-07-18	49
2021-07-19	104
2021-07-20	126
2021-07-21	97
2021-07-22	106
2021-07-23	176
2021-07-24	53
2021-07-25	26
2021-07-26	111
2021-07-27	111
2021-07-28	130
2021-07-29	83
2021-07-30	146
2021-07-31	46
2021-08-01	36
2021-08-02	77
2021-08-03	69
2021-08-04	68
2021-08-05	92
2021-08-06	155
2021-08-07	41
2021-08-08	16
2021-08-09	65
2021-08-10	141
2021-08-11	94
2021-08-12	76
2021-08-13	123
2021-08-14	33
2021-08-15	23
2021-08-16	108
2021-08-17	105
2021-08-18	85
2021-08-19	81
2021-08-20	82
2021-08-21	47
2021-08-22	23
2021-08-23	77
2021-08-24	113
2021-08-25	111
2021-08-26	115
2021-08-27	121
2021-08-28	59
2021-08-29	45
2021-08-30	71
2021-08-31	130
2021-09-01	149
2021-09-02	117
2021-09-03	93
2021-09-04	52
2021-09-05	37
2021-09-06	73
2021-09-07	139
2021-09-08	128
2021-09-09	120
2021-09-10	99
2021-09-11	57
2021-09-12	29
2021-09-13	112
2021-09-14	147
2021-09-15	171
2021-09-16	96
2021-09-17	117
2021-09-18	34
2021-09-19	50
2021-09-20	68
2021-09-21	90
2021-09-22	107
2021-09-23	135
2021-09-24	110
2021-09-25	51
2021-09-26	27
2021-09-27	74
2021-09-28	73
2021-09-29	103
2021-09-30	90
2021-10-01	276
2021-10-02	38
2021-10-03	27
2021-10-04	72
2021-10-05	112
2021-10-06	94
2021-10-07	76
2021-10-08	110
2021-10-09	41
2021-10-10	46
2021-10-11	88
2021-10-12	110
2021-10-13	85
2021-10-14	101
2021-10-15	136
2021-10-16	49
2021-10-17	23
2021-10-18	78
2021-10-19	94
2021-10-20	114
2021-10-21	124
2021-10-22	105
2021-10-23	33
2021-10-24	43
2021-10-25	92
2021-10-26	110
2021-10-27	100
2021-10-28	133
2021-10-29	126
2021-10-30	50
2021-10-31	41
2021-11-01	76
2021-11-02	123
2021-11-03	154
2021-11-04	112
2021-11-05	110
2021-11-06	62
2021-11-07	74
2021-11-08	539
2021-11-09	128
2021-11-10	140
2021-11-11	114
2021-11-12	106
2021-11-13	50
2021-11-14	54
2021-11-15	133
2021-11-16	128
2021-11-17	110
2021-11-18	120
2021-11-19	153
2021-11-20	43
2021-11-21	26
2021-11-22	102
2021-11-23	99
2021-11-24	250
2021-11-25	111
2021-11-26	134
2021-11-27	52
2021-11-28	48
2021-11-29	109
2021-11-30	120
2021-12-01	108
2021-12-02	105
2021-12-03	77
2021-12-04	60
2021-12-05	37
2021-12-06	90
2021-12-07	215
2021-12-08	101
2021-12-09	129
2021-12-10	94
2021-12-11	52
2021-12-12	41
2021-12-13	119
2021-12-14	119
2021-12-15	144
2021-12-16	134
2021-12-17	140
2021-12-18	52
2021-12-19	63
2021-12-20	134
2021-12-21	116
2021-12-22	139
2021-12-23	118
2021-12-24	84
2021-12-25	50
2021-12-26	29
2021-12-27	64
2021-12-28	79
2021-12-29	95
2021-12-30	121
2021-12-31	100
2022-01-01	26
2022-01-02	51
2022-01-03	97
2022-01-04	105
2022-01-05	117
2022-01-06	112
2022-01-07	119
2022-01-08	65
2022-01-09	33
2022-01-10	125
2022-01-11	110
2022-01-12	167
2022-01-13	97
2022-01-14	140
2022-01-15	60
2022-01-16	36
2022-01-17	196
2022-01-18	125
2022-01-19	185
2022-01-20	119
2022-01-21	134
2022-01-22	43
2022-01-23	26
2022-01-24	125
2022-01-25	120
2022-01-26	121
2022-01-27	143
2022-01-28	90
2022-01-29	49
2022-01-30	24
2022-01-31	153
2022-02-01	119
2022-02-02	113
2022-02-03	176
2022-02-04	117
2022-02-05	48
2022-02-06	44
2022-02-07	413
2022-02-08	148
2022-02-09	160
2022-02-10	493
2022-02-11	129
2022-02-12	75
2022-02-13	24
2022-02-14	142
2022-02-15	117
2022-02-16	116
2022-02-17	99
2022-02-18	113
2022-02-19	43
2022-02-20	36
2022-02-21	125
2022-02-22	144
2022-02-23	146
2022-02-24	113
2022-02-25	115
2022-02-26	50
2022-02-27	43
2022-02-28	118
2022-03-01	104
2022-03-02	126
2022-03-03	103
2022-03-04	105
2022-03-05	59
2022-03-06	45
2022-03-07	98
2022-03-08	169
2022-03-09	119
2022-03-10	129
2022-03-11	104
2022-03-12	56
2022-03-13	36
2022-03-14	166
2022-03-15	163
2022-03-16	134
2022-03-17	104
2022-03-18	113
2022-03-19	71
2022-03-20	36
2022-03-21	104
2022-03-22	118
2022-03-23	117
2022-03-24	133
2022-03-25	110
2022-03-26	36
2022-03-27	49
2022-03-28	111
2022-03-29	161
2022-03-30	164
2022-03-31	134
2022-04-01	113
2022-04-02	74
2022-04-03	53
2022-04-04	99
2022-04-05	103
2022-04-06	81
2022-04-07	3
2022-04-08	17
2022-04-09	63
2022-04-10	61
2022-04-11	122
2022-04-12	121
2022-04-13	84
2022-04-14	99
2022-04-15	71
2022-04-16	86
2022-04-17	98
2022-04-18	142
2022-04-19	98
2022-04-20	96
2022-04-21	141
2022-04-22	111
2022-04-23	60
2022-04-24	28
2022-04-25	84
2022-04-26	78
2022-04-27	154
2022-04-28	136
2022-04-29	108
2022-04-30	57
2022-05-01	50
2022-05-02	151
2022-05-03	147
2022-05-04	107
2022-05-05	135
2022-05-06	125
2022-05-07	58
2022-05-08	34
2022-05-09	195
2022-05-10	128
2022-05-11	106
2022-05-12	170
2022-05-13	133
2022-05-14	40
2022-05-15	58
2022-05-16	75
2022-05-17	108
2022-05-18	145
2022-05-19	125
2022-05-20	89
2022-05-21	39
2022-05-22	38
2022-05-23	138
2022-05-24	111
2022-05-25	166
2022-05-26	65
2022-05-27	154
2022-05-28	69
2022-05-29	42
2022-05-30	87
2022-05-31	143
2022-06-01	118
2022-06-02	127
2022-06-03	116
2022-06-04	54
2022-06-05	62
2022-06-06	169
2022-06-07	188
2022-06-08	141
2022-06-09	108
2022-06-10	143
2022-06-11	52
2022-06-12	53
2022-06-13	141
2022-06-14	124
2022-06-15	113
2022-06-16	181
2022-06-17	156
2022-06-18	41
2022-06-19	46
2022-06-20	171
2022-06-21	123
2022-06-22	168
2022-06-23	183
2022-06-24	126
2022-06-25	54
2022-06-26	62
2022-06-27	178
2022-06-28	223
2022-06-29	260
2022-06-30	248
2022-07-01	87
2022-07-02	51
2022-07-03	37
2022-07-04	63
2022-07-05	147
2022-07-06	102
2022-07-07	3
2022-07-08	12
2022-07-09	45
2022-07-10	91
2022-07-11	116
2022-07-12	124
2022-07-13	129
2022-07-14	132
2022-07-15	131
2022-07-16	69
2022-07-17	64
2022-07-18	95
2022-07-19	115
2022-07-20	104
2022-07-21	143
2022-07-22	181
2022-07-23	54
2022-07-24	61
2022-07-25	135
2022-07-26	135
2022-07-27	121
2022-07-28	111
2022-07-29	112
2022-07-30	41
2022-07-31	32
2022-08-01	93
2022-08-02	91
2022-08-03	112
2022-08-04	91
2022-08-05	89
2022-08-06	62
2022-08-07	40
2022-08-08	81
2022-08-09	80
2022-08-10	96
2022-08-11	56
2022-08-12	71
2022-08-13	121
2022-08-14	32
2022-08-15	81
2022-08-16	57
2022-08-17	67
2022-08-18	127
2022-08-19	65
2022-08-20	34
2022-08-21	42
2022-08-22	93
2022-08-23	105
2022-08-24	81
2022-08-25	82
2022-08-26	84
2022-08-27	48
2022-08-28	53
2022-08-29	99
2022-08-30	94
2022-08-31	63
2022-09-01	73
2022-09-02	68
2022-09-03	64
2022-09-04	26
2022-09-05	92
2022-09-06	199
2022-09-07	266
2022-09-08	287
2022-09-09	93
2022-09-10	36
2022-09-11	35
2022-09-12	191
2022-09-13	116
2022-09-14	422
2022-09-15	91
2022-09-16	112
2022-09-17	63
2022-09-18	34
2022-09-19	103
2022-09-20	149
2022-09-21	116
2022-09-22	87
2022-09-23	112
2022-09-24	35
2022-09-25	65
2022-09-26	105
2022-09-27	166
2022-09-28	137
2022-09-29	117
2022-09-30	115
2022-10-01	67
2022-10-02	65
2022-10-03	123
2022-10-04	175
2022-10-05	142
2022-10-06	144
2022-10-07	107
2022-10-08	49
2022-10-09	80
2022-10-10	151
2022-10-11	106
2022-10-12	117
2022-10-13	176
2022-10-14	142
2022-10-15	54
2022-10-16	68
2022-10-17	106
2022-10-18	121
2022-10-19	137
2022-10-20	131
2022-10-21	137
2022-10-22	52
2022-10-23	51
2022-10-24	121
2022-10-25	129
2022-10-26	159
2022-10-27	115
2022-10-28	132
2022-10-29	53
2022-10-30	44
2022-10-31	39
2022-11-02	118
2022-11-03	109
2022-11-04	120
2022-11-05	50
2022-11-06	45
2022-11-07	83
2022-11-08	144
2022-11-09	222
2022-11-10	133
2022-11-11	116
2022-11-12	56
2022-11-13	39
2022-11-14	117
2022-11-15	162
2022-11-16	143
2022-11-17	154
2022-11-18	255
2022-11-19	82
2022-11-20	57
2022-11-21	143
2022-11-22	187
2022-11-23	182
2022-11-24	98
2022-11-25	114
2022-11-26	40
2022-11-27	41
2022-11-28	132
2022-11-29	130
2022-11-30	115
2022-12-01	109
2022-12-02	132
2022-12-03	32
2022-12-04	77
2022-12-05	119
2022-12-06	121
2022-12-07	157
2022-12-08	136
2022-12-09	108
2022-12-10	54
2022-12-11	29
2022-12-12	131
2022-12-13	147
2022-12-14	140
2022-12-15	112
2022-12-16	126
2022-12-17	37
2022-12-18	39
2022-12-19	133
2022-12-20	169
2022-12-21	480
2022-12-22	145
2022-12-23	124
2022-12-24	33
2022-12-25	28
2022-12-26	53
2022-12-27	48
2022-12-28	64
2022-12-29	48
2022-12-30	53
2022-12-31	40
2023-01-01	33
2023-01-02	89
2023-01-03	143
2023-01-04	117
2023-01-05	108
2023-01-06	122
2023-01-07	46
2023-01-08	41
2023-01-09	120
2023-01-10	156
2023-01-11	141
2023-01-12	136
2023-01-13	116
2023-01-14	43
2023-01-15	91
2023-01-16	140
2023-01-17	145
2023-01-18	139
2023-01-19	251
2023-01-20	176
2023-01-21	87
2023-01-22	58
2023-01-23	106
2023-01-24	124
2023-01-25	130
2023-01-26	159
2023-01-27	127
2023-01-28	41
2023-01-29	43
2023-01-30	137
2023-01-31	178
2023-02-01	149
2023-02-02	177
2023-02-03	173
2023-02-04	47
2023-02-05	76
2023-02-06	159
2023-02-07	154
2023-02-08	142
2023-02-09	150
2023-02-10	152
2023-02-11	58
2023-02-12	59
2023-02-13	122
2023-02-14	112
2023-02-15	118
2023-02-16	132
2023-02-17	18
2023-02-19	16
2023-02-20	257
2023-02-21	134
2023-02-22	250
2023-02-23	196
2023-02-24	181
2023-02-25	60
2023-02-26	65
2023-02-27	134
2023-02-28	147
2023-03-01	275
2023-03-02	156
2023-03-03	174
2023-03-04	53
2023-03-05	37
2023-03-06	157
2023-03-07	151
2023-03-08	181
2023-03-09	148
2023-03-10	149
2023-03-11	37
2023-03-12	5
2023-03-13	5
2023-03-14	2
2023-03-15	64
2023-03-16	141
2023-03-17	121
2023-03-18	51
2023-03-19	55
2023-03-20	115
2023-03-21	136
2023-03-22	146
2023-03-23	144
2023-03-24	160
2023-03-25	57
2023-03-26	103
2023-03-27	168
2023-03-28	131
2023-03-29	130
2023-03-30	302
2023-03-31	279
2023-04-01	44
2023-04-02	55
2023-04-03	132
2023-04-04	124
2023-04-05	155
2023-04-06	168
2023-04-07	165
2023-04-08	39
2023-04-09	98
2023-04-10	77
2023-04-11	146
2023-04-12	131
2023-04-13	149
2023-04-14	156
2023-04-15	71
2023-04-16	50
2023-04-17	157
2023-04-18	159
2023-04-19	152
2023-04-20	223
2023-04-21	116
2023-04-22	91
2023-04-23	84
2023-04-24	157
2023-04-25	169
2023-04-26	182
2023-04-27	165
2023-04-28	222
2023-04-29	38
2023-04-30	49
2023-05-01	127
2023-05-02	159
2023-05-03	165
2023-05-04	150
2023-05-05	139
2023-05-06	55
2023-05-07	223
2023-05-08	126
2023-05-09	118
2023-05-10	123
2023-05-11	147
2023-05-12	165
2023-05-13	65
2023-05-14	53
2023-05-15	158
2023-05-16	143
2023-05-17	147
2023-05-18	144
2023-05-19	115
2023-05-20	88
2023-05-21	80
2023-05-22	161
2023-05-23	150
2023-05-24	174
2023-05-25	154
2023-05-26	119
2023-05-27	35
2023-05-28	43
2023-05-29	111
2023-05-30	151
2023-05-31	138
2023-06-01	119
2023-06-02	137
2023-06-03	61
2023-06-04	88
2023-06-05	156
2023-06-06	167
2023-06-07	150
2023-06-08	142
2023-06-09	168
2023-06-10	67
2023-06-11	61
2023-06-12	222
2023-06-13	175
2023-06-14	298
2023-06-15	198
2023-06-16	209
2023-06-17	76
2023-06-18	42
2023-06-19	308
2023-06-20	147
2023-06-21	170
2023-06-22	257
2023-06-23	146
2023-06-24	62
2023-06-25	56
2023-06-26	191
2023-06-27	143
2023-06-28	138
2023-06-29	188
2023-06-30	323
2023-07-01	181
2023-07-02	136
2023-07-03	171
2023-07-04	152
2023-07-05	155
2023-07-06	225
2023-07-07	203
2023-07-08	69
2023-07-09	95
2023-07-10	136
2023-07-11	145
2023-07-12	211
2023-07-13	149
2023-07-14	142
2023-07-15	110
2023-07-16	121
2023-07-17	129
2023-07-18	164
2023-07-19	128
2023-07-20	199
2023-07-21	155
2023-07-22	89
2023-07-23	37
2023-07-24	138
2023-07-25	144
2023-07-26	179
2023-07-27	200
2023-07-28	177
2023-07-29	73
2023-07-30	51
2023-07-31	146
2023-08-01	168
2023-08-02	186
2023-08-03	123
2023-08-04	175
2023-08-05	48
2023-08-06	68
2023-08-07	124
2023-08-08	122
2023-08-09	113
2023-08-10	164
2023-08-11	201
2023-08-12	36
2023-08-13	50
2023-08-14	107
2023-08-15	130
2023-08-16	129
2023-08-17	121
2023-08-18	223
2023-08-19	58
2023-08-20	90
2023-08-21	149
2023-08-22	126
2023-08-23	169
2023-08-24	190
2023-08-25	136
2023-08-26	51
2023-08-27	67
2023-08-28	193
2023-08-29	264
2023-08-30	141
2023-08-31	64
2023-09-01	90
2023-09-02	143
2023-09-03	100
2023-09-04	183
2023-09-05	133
2023-09-06	178
2023-09-07	165
2023-09-08	218
2023-09-09	66
2023-09-10	66
2023-09-11	196
2023-09-12	185
2023-09-13	202
2023-09-14	160
2023-09-15	160
2023-09-16	74
2023-09-17	56
2023-09-18	149
2023-09-19	168
2023-09-20	143
2023-09-21	184
2023-09-22	164
2023-09-23	78
2023-09-24	68
2023-09-25	139
2023-09-26	144
2023-09-27	157
2023-09-28	169
2023-09-29	153
2023-09-30	55
2023-10-01	51
2023-10-02	165
2023-10-03	133
2023-10-04	145
2023-10-05	176
2023-10-06	182
2023-10-07	65
2023-10-08	54
2023-10-09	175
2023-10-10	184
2023-10-11	143
2023-10-12	162
2023-10-13	78
2023-10-14	24
2023-10-15	28
2023-10-16	123
2023-10-17	208
2023-10-18	214
2023-10-19	185
2023-10-20	114
2023-10-21	213
2023-10-22	36
2023-10-23	180
2023-10-24	171
2023-10-25	243
2023-10-26	211
2023-10-27	174
2023-10-28	62
2023-10-29	60
2023-10-30	266
2023-10-31	183
2023-11-01	210
2023-11-02	148
2023-11-03	207
2023-11-04	80
2023-11-05	63
2023-11-06	301
2023-11-07	218
2023-11-08	216
2023-11-09	233
2023-11-10	220
2023-11-11	202
2023-11-12	102
2023-11-13	180
2023-11-14	163
2023-11-15	178
2023-11-16	159
2023-11-17	205
2023-11-18	142
2023-11-19	115
2023-11-20	183
2023-11-21	153
2023-11-22	250
2023-11-23	113
2023-11-24	116
2023-11-25	59
2023-11-26	84
2023-11-27	205
2023-11-28	225
2023-11-29	215
2023-11-30	167
2023-12-01	134
2023-12-02	93
2023-12-03	79
2023-12-04	10707
2023-12-05	195
2023-12-06	180
2023-12-07	201
2023-12-08	196
2023-12-09	85
2023-12-10	77
2023-12-11	197
2023-12-12	196
2023-12-13	195
2023-12-14	181
2023-12-15	258
2023-12-16	80
2023-12-17	80
2023-12-18	191
2023-12-19	238
2023-12-20	302
2023-12-21	452
2023-12-22	196
2023-12-23	84
2023-12-24	56
2023-12-25	71
2023-12-26	60
2023-12-27	100
2023-12-28	40210
2023-12-29	4948
2023-12-30	47
2023-12-31	78
2024-01-01	50
2024-01-02	148
2024-01-03	130
2024-01-04	200
2024-01-05	153
2024-01-06	57
2024-01-07	45
2024-01-08	174
2024-01-09	168
2024-01-10	227
2024-01-11	197
2024-01-12	172
2024-01-13	90
2024-01-14	81
2024-01-15	211
2024-01-16	256
2024-01-17	242
2024-01-18	198
2024-01-19	207
2024-01-20	98
2024-01-21	54
2024-01-22	176
2024-01-23	219
2024-01-24	178
2024-01-25	198
2024-01-26	233
2024-01-27	92
2024-01-28	83
2024-01-29	252
2024-01-30	221
2024-01-31	772
2024-02-01	208
2024-02-02	238
2024-02-03	69
2024-02-04	67
2024-02-05	149
2024-02-06	253
2024-02-07	230
2024-02-08	222
2024-02-09	228
2024-02-10	61
2024-02-11	94
2024-02-12	252
2024-02-13	228
2024-02-14	226
2024-02-15	297
2024-02-16	254
2024-02-17	146
2024-02-18	41
2024-02-19	251
2024-02-20	167
2024-02-21	201
2024-02-22	217
2024-02-23	155
2024-02-24	92
2024-02-25	87
2024-02-26	201
2024-02-27	189
2024-02-28	226
2024-02-29	232
2024-03-01	204
2024-03-02	80
2024-03-03	55
2024-03-04	172
2024-03-05	162
2024-03-06	220
2024-03-07	194
2024-03-08	183
2024-03-09	62
2024-03-10	66
2024-03-11	198
2024-03-12	201
2024-03-13	213
2024-03-14	212
2024-03-15	198
2024-03-16	114
2024-03-17	68
2024-03-18	214
2024-03-19	220
2024-03-20	219
2024-03-21	216
2024-03-22	217
2024-03-23	112
2024-03-24	88
2024-03-25	218
2024-03-26	269
2024-03-27	231
2024-03-28	157
2024-03-29	231
2024-03-30	114
2024-03-31	105
2024-04-01	126
2024-04-02	247
2024-04-03	214
2024-04-04	245
2024-04-05	251
2024-04-06	184
2024-04-07	73
2024-04-08	216
2024-04-09	248
2024-04-10	247
2024-04-11	278
2024-04-12	400
2024-04-13	118
2024-04-14	117
2024-04-15	201
2024-04-16	237
2024-04-17	220
2024-04-18	220
2024-04-19	265
2024-04-20	113
2024-04-21	99
2024-04-22	239
2024-04-23	319
2024-04-24	439
2024-04-25	438
2024-04-26	238
2024-04-27	193
2024-04-28	68
2024-04-29	254
2024-04-30	400
2024-05-01	150
2024-05-02	210
2024-05-03	263
2024-05-04	110
2024-05-05	101
2024-05-06	199
2024-05-07	263
2024-05-08	219
2024-05-09	188
2024-05-10	174
2024-05-11	82
2024-05-12	45
2024-05-13	252
2024-05-14	285
2024-05-15	393
2024-05-16	216
2024-05-17	239
2024-05-18	92
2024-05-19	55
2024-05-20	260
2024-05-21	240
2024-05-22	305
2024-05-23	292
2024-05-24	170
2024-05-25	61
2024-05-26	57
2024-05-27	219
2024-05-28	223
2024-05-29	256
2024-05-30	239
2024-05-31	246
2024-06-01	242
2024-06-02	108
2024-06-03	824
2024-06-04	272
2024-06-05	241
2024-06-06	225
2024-06-07	182
2024-06-08	93
2024-06-09	105
2024-06-10	203
2024-06-11	2399
2024-06-12	7191
2024-06-13	192
2024-06-14	225
2024-06-15	69
2024-06-16	68
2024-06-17	188
2024-06-18	240
2024-06-19	223
2024-06-20	263
2024-06-21	208
2024-06-22	70
2024-06-23	124
2024-06-24	208
2024-06-25	289
2024-06-26	2578
2024-06-27	3198
2024-06-28	191
2024-06-29	126
2024-06-30	81
2024-07-01	200
2024-07-02	220
2024-07-03	226
2024-07-04	198
2024-07-05	187
2024-07-06	1033
2024-07-07	69
2024-07-08	7210
2024-07-09	564
2024-07-10	359
2024-07-11	209
2024-07-12	221
2024-07-13	110
2024-07-14	72
2024-07-15	254
2024-07-16	321
2024-07-17	265
2024-07-18	180
2024-07-19	183
2024-07-20	60
2024-07-21	80
2024-07-22	191
2024-07-23	220
2024-07-24	196
2024-07-25	260
2024-07-26	201
2024-07-27	64
2024-07-28	98
2024-07-29	222
2024-07-30	282
2024-07-31	259
2024-08-01	1286
2024-08-02	1625
2024-08-03	453
2024-08-04	179
2024-08-05	183
2024-08-06	191
2024-08-07	277
2024-08-08	182
2024-08-09	252
2024-08-10	93
2024-08-11	134
2024-08-12	212
2024-08-13	641
2024-08-14	1478
2024-08-15	163
2024-08-16	159
2024-08-17	87
2024-08-18	123
2024-08-19	205
2024-08-20	275
2024-08-21	222
2024-08-22	255
2024-08-23	198
2024-08-24	84
2024-08-25	47
2024-08-26	240
2024-08-27	240
2024-08-28	228
2024-08-29	218
2024-08-30	253
2024-08-31	137
2024-09-01	110
2024-09-02	242
2024-09-03	160
2024-09-04	198
2024-09-05	172
2024-09-06	221
2024-09-07	103
2024-09-08	93
2024-09-09	270
2024-09-10	186
2024-09-11	201
2024-09-12	183
2024-09-13	214
2024-09-14	125
2024-09-15	116
2024-09-16	197
2024-09-17	276
2024-09-18	255
2024-09-19	226
2024-09-20	221
2024-09-21	233
2024-09-22	75
2024-09-23	223
2024-09-24	303
2024-09-25	232
2024-09-26	297
2024-09-27	268
2024-09-28	159
2024-09-29	173
2024-09-30	340
2024-10-01	285
2024-10-02	287
2024-10-03	272
2024-10-04	185
2024-10-05	134
2024-10-06	137
2024-10-07	205
2024-10-08	244
2024-10-09	287
2024-10-10	245
2024-10-11	250
2024-10-12	136
2024-10-13	100
2024-10-14	235
2024-10-15	275
2024-10-16	234
2024-10-17	311
2024-10-18	267
2024-10-19	102
2024-10-20	124
2024-10-21	236
2024-10-22	4609
2024-10-23	2953
2024-10-24	270
2024-10-25	240
2024-10-26	126
2024-10-27	102
2024-10-28	279
2024-10-29	327
2024-10-30	246
2024-10-31	283
2024-11-01	238
2024-11-02	180
2024-11-03	174
2024-11-04	312
2024-11-05	289
2024-11-06	301
2024-11-07	255
2024-11-08	300
2024-11-09	89
2024-11-10	156
2024-11-11	277
2024-11-12	294
2024-11-13	237
2024-11-14	338
2024-11-15	212
2024-11-16	80
2024-11-17	88
2024-11-18	301
2024-11-19	386
2024-11-20	255
2024-11-21	240
2024-11-22	241
2024-11-23	182
2024-11-24	127
2024-11-25	261
2024-11-26	236
2024-11-27	266
2024-11-28	260
2024-11-29	241
2024-11-30	121
2024-12-01	106
2024-12-02	319
2024-12-03	394
2024-12-04	249
2024-12-05	244
2024-12-06	299
2024-12-07	134
2024-12-08	136
2024-12-09	289
2024-12-10	284
2024-12-11	271
2024-12-12	243
2024-12-13	225
2024-12-14	97
2024-12-15	120
2024-12-16	286
2024-12-17	300
2024-12-18	305
2024-12-19	275
2024-12-20	318
2024-12-21	161
2024-12-22	120
2024-12-23	203
2024-12-24	164
2024-12-25	82
2024-12-26	119
2024-12-27	177
2024-12-28	118
2024-12-29	123
2024-12-30	138
2024-12-31	133
2025-01-01	141
2025-01-02	253
2025-01-03	234
2025-01-04	101
2025-01-05	186
2025-01-06	337
2025-01-07	250
2025-01-08	253
2025-01-09	321
2025-01-10	229
2025-01-11	134
2025-01-12	144
2025-01-13	282
2025-01-14	259
2025-01-15	292
2025-01-16	286
2025-01-17	278
2025-01-18	88
2025-01-19	11
2025-01-20	297
2025-01-21	285
2025-01-22	366
2025-01-23	445
2025-01-24	287
2025-01-25	151
2025-01-26	103
2025-01-27	320
2025-01-28	287
2025-01-29	284
2025-01-30	272
2025-01-31	337
2025-02-01	100
2025-02-02	108
2025-02-03	309
2025-02-04	281
2025-02-05	489
2025-02-06	351
2025-02-07	250
2025-02-08	401
2025-02-09	132
2025-02-10	492
2025-02-11	414
2025-02-12	357
2025-02-13	398
2025-02-14	301
2025-02-15	146
2025-02-16	202
2025-02-17	310
2025-02-18	372
2025-02-19	272
2025-02-20	344
2025-02-21	335
2025-02-22	173
2025-02-23	150
2025-02-24	402
2025-02-25	317
2025-02-26	322
2025-02-27	321
2025-02-28	280
2025-03-01	165
2025-03-02	124
2025-03-03	332
2025-03-04	303
2025-03-05	352
2025-03-06	304
2025-03-07	396
2025-03-08	199
2025-03-09	202
2025-03-10	337
2025-03-11	488
2025-03-12	360
2025-03-13	325
2025-03-14	306
2025-03-15	217
2025-03-16	160
2025-03-17	339
2025-03-18	328
2025-03-19	336
2025-03-20	320
2025-03-21	303
2025-03-22	169
2025-03-23	189
2025-03-24	438
2025-03-25	294
2025-03-26	352
2025-03-27	345
2025-03-28	300
2025-03-29	131
2025-03-30	134
2025-03-31	384
2025-04-01	325
2025-04-02	320
2025-04-03	659
2025-04-04	5793
2025-04-05	3305
2025-04-06	166
2025-04-07	369
2025-04-08	364
2025-04-09	353
2025-04-10	407
2025-04-11	329
2025-04-12	180
2025-04-13	124
2025-04-14	401
2025-04-15	376
2025-04-16	359
2025-04-17	322
2025-04-18	258
2025-04-19	155
2025-04-20	138
2025-04-21	247
2025-04-22	424
2025-04-23	384
2025-04-24	397
2025-04-25	319
2025-04-26	191
2025-04-27	220
2025-04-28	328
2025-04-29	385
2025-04-30	455
2025-05-01	225
2025-05-02	272
2025-05-03	141
2025-05-04	201
2025-05-05	378
2025-05-06	339
2025-05-07	336
2025-05-08	394
2025-05-09	351
2025-05-10	149
2025-05-11	216
2025-05-12	370
2025-05-13	438
2025-05-14	461
2025-05-15	447
2025-05-16	409
2025-05-17	210
2025-05-18	143
2025-05-19	331
2025-05-20	430
2025-05-21	412
2025-05-22	340
2025-05-23	360
2025-05-24	132
2025-05-25	125
2025-05-26	385
2025-05-27	436
2025-05-28	355
2025-05-29	407
2025-05-30	675
2025-05-31	309
2025-06-01	182
2025-06-02	483
2025-06-03	469
2025-06-04	466
2025-06-05	481
2025-06-06	473
2025-06-07	234
2025-06-08	267
2025-06-09	387
2025-06-10	515
2025-06-11	480
2025-06-12	385
2025-06-13	433
2025-06-14	247
2025-06-15	325
2025-06-16	431
2025-06-17	409
2025-06-18	480
2025-06-19	369
2025-06-20	391
2025-06-21	197
2025-06-22	178
2025-06-23	455
2025-06-24	466
2025-06-25	374
2025-06-26	483
2025-06-27	460
2025-06-28	216
2025-06-29	172
2025-06-30	473
2025-07-01	455
2025-07-02	388
2025-07-03	387
2025-07-04	319
2025-07-05	168
2025-07-06	219
2025-07-07	457
2025-07-08	475
2025-07-09	443
2025-07-10	400
2025-07-11	431
2025-07-12	213
2025-07-13	159
2025-07-14	437
2025-07-15	354
2025-07-16	434
2025-07-17	422
2025-07-18	376
2025-07-19	215
2025-07-20	216
2025-07-21	503
2025-07-22	386
2025-07-23	458
2025-07-24	439
2025-07-25	429
2025-07-26	262
2025-07-27	206
2025-07-28	396
2025-07-29	560
2025-07-30	444
2025-07-31	498
2025-08-01	407
2025-08-02	149
2025-08-03	140
2025-08-04	361
2025-08-05	391
2025-08-06	393
2025-08-07	364
2025-08-08	367
2025-08-09	150
2025-08-10	142
2025-08-11	434
2025-08-12	332
2025-08-13	355
2025-08-14	381
2025-08-15	358
2025-08-16	190
2025-08-17	206
2025-08-18	410
2025-08-19	400
2025-08-20	365
2025-08-21	401
2025-08-22	437
2025-08-23	161
2025-08-24	161
2025-08-25	453
2025-08-26	391
2025-08-27	418
2025-08-28	371
2025-08-29	416
2025-08-30	75
